{
    "CNTL": -0.003408820213047354,
    "NCRF": -0.004102295394823824
}