{
    "CNTL": 9.169205605916954e-06,
    "NCRF": -2.6296430375875078e-05
}