{
    "CNTL": 0.009139405336272128,
    "NCRF": 0.011647267752283934
}