{
    "CNTL": -0.004069582055519215,
    "NCRF": -0.004066538176843471
}